{
  "Phone Model": 33697.671875,
  "Phone Brand": 30504.80859375,
  "Condition (New / Used)": 16117.978515625,
  "Storage Capacity (GB)": 14582.0703125,
  "Verified Seller": 3116.961669921875,
  "Seller Location": 2768.909912109375,
  "RAM (GB)": 752.8279418945312
}